Ajani Resolute,Ajani Unrelenting,https://scryfall.com/search?q=%21%22Ajani+Resolute%22,https://scryfall.com/search?q=%21%22Ajani+Unrelenting%22
"Chandra, Torch of Defiance","Chandra, Chill of Compliance",https://scryfall.com/search?q=%21%22Chandra%2C+Torch+of+Defiance%22,https://scryfall.com/search?q=%21%22Chandra%2C+Chill+of+Compliance%22
Garruk Curse Breaker,Garruk Veiled Butcher,https://scryfall.com/search?q=%21%22Garruk+Curse+Breaker%22,https://scryfall.com/search?q=%21%22Garruk+Veiled+Butcher%22
Gideon's Memorial,Gideon the Oathless,https://scryfall.com/search?q=%21%22Gideon's+Memorial%22,https://scryfall.com/search?q=%21%22Gideon+the+Oathless%22
Liliana the Repentant,Liliana The Faultless,https://scryfall.com/search?q=%21%22Liliana+the+Repentant%22,https://scryfall.com/search?q=%21%22Liliana+The+Faultless%22
"Lyra, Archangel of Dawn","Lyra, Tolarian Archangel",https://scryfall.com/search?q=%21%22Lyra%2C+Archangel+of+Dawn%22,https://scryfall.com/search?q=%21%22Lyra%2C+Tolarian+Archangel%22
"Jace, Reality Sculptor","Tam, The Possibility",https://scryfall.com/search?q=%21%22Jace%2C+Reality+Sculptor%22,https://scryfall.com/search?q=%21%22Tam%2C+The+Possibility%22
"Samut, Hazoret's Champion","Samut, Tyrant of Nakatum",https://scryfall.com/search?q=%21%22Samut%2C+Hazoret's+Champion%22,https://scryfall.com/search?q=%21%22Samut%2C+Tyrant+of+Nakatum%22
"Karn, Argent Defender","Karn, Guilded Guardian",https://scryfall.com/search?q=%21%22Karn%2C+Argent+Defender%22,https://scryfall.com/search?q=%21%22Karn%2C+Guilded+Guardian%22
"Vraska, The Cutting Glare","Vraska, Soul of Stone",https://scryfall.com/search?q=%21%22Vraska%2C+The+Cutting+Glare%22,https://scryfall.com/search?q=%21%22Vraska%2C+Soul+of+Stone%22
"Danitha, Sword of Hope","Danitha, Spear of Agony",https://scryfall.com/search?q=%21%22Danitha%2C+Sword+of+Hope%22,https://scryfall.com/search?q=%21%22Danitha%2C+Spear+of+Agony%22
"Ghalta, the Unstoppable",Ghalta the Immovable,https://scryfall.com/search?q=%21%22Ghalta%2C+the+Unstoppable%22,https://scryfall.com/search?q=%21%22Ghalta+the+Immovable%22
"Koth, the Geomancer",Koth of he Homestead,https://scryfall.com/search?q=%21%22Koth%2C+the+Geomancer%22,https://scryfall.com/search?q=%21%22Koth+of+he+Homestead%22
"Massacre Girl, Most Wanted","Rescue Girl, First Responder",https://scryfall.com/search?q=%21%22Massacre+Girl%2C+Most+Wanted%22,https://scryfall.com/search?q=%21%22Rescue+Girl%2C+First+Responder%22
"Saheeli, Jewel of Avishkar","Saheeli, Consul of Oversight",https://scryfall.com/search?q=%21%22Saheeli%2C+Jewel+of+Avishkar%22,https://scryfall.com/search?q=%21%22Saheeli%2C+Consul+of+Oversight%22
"Teyo, Lightshield Expert","Teyo, Diamondblade Mage",https://scryfall.com/search?q=%21%22Teyo%2C+Lightshield+Expert%22,https://scryfall.com/search?q=%21%22Teyo%2C+Diamondblade+Mage%22
"Thalia, the Survivor",Geist of St. Thalia,https://scryfall.com/search?q=%21%22Thalia%2C+the+Survivor%22,https://scryfall.com/search?q=%21%22Geist+of+St.+Thalia%22
"Tomik, Orzhov Lawmage","Tomik, Izzet Sparkmage",https://scryfall.com/search?q=%21%22Tomik%2C+Orzhov+Lawmage%22,https://scryfall.com/search?q=%21%22Tomik%2C+Izzet+Sparkmage%22
Way of the Necromancer,Way of the Healer,https://scryfall.com/search?q=%21%22Way+of+the+Necromancer%22,https://scryfall.com/search?q=%21%22Way+of+the+Healer%22
Way of the Mentor,Way of the Warlord,https://scryfall.com/search?q=%21%22Way+of+the+Mentor%22,https://scryfall.com/search?q=%21%22Way+of+the+Warlord%22
"Yoshimaru, Beloved Companion","Yoshimaru, Scrappy Stray",https://scryfall.com/search?q=%21%22Yoshimaru%2C+Beloved+Companion%22,https://scryfall.com/search?q=%21%22Yoshimaru%2C+Scrappy+Stray%22
"Arni, Renowned Champion","Arni, Humble SCribe",https://scryfall.com/search?q=%21%22Arni%2C+Renowned+Champion%22,https://scryfall.com/search?q=%21%22Arni%2C+Humble+SCribe%22
"Fblthp, Impossibly Lost","Fblthp, Knows the Way",https://scryfall.com/search?q=%21%22Fblthp%2C+Impossibly+Lost%22,https://scryfall.com/search?q=%21%22Fblthp%2C+Knows+the+Way%22
"Hapatra, the Desert Fang","Hapatra, the Desert Frost",https://scryfall.com/search?q=%21%22Hapatra%2C+the+Desert+Fang%22,https://scryfall.com/search?q=%21%22Hapatra%2C+the+Desert+Frost%22
Proft Consulting Detective,Proft Sinister Mastermind,https://scryfall.com/search?q=%21%22Proft+Consulting+Detective%22,https://scryfall.com/search?q=%21%22Proft+Sinister+Mastermind%22
"Ruric Thar, Magecrusher","Ruric Thar, Biomagus",https://scryfall.com/search?q=%21%22Ruric+Thar%2C+Magecrusher%22,https://scryfall.com/search?q=%21%22Ruric+Thar%2C+Biomagus%22
"Tetsuko Umezawa, Fugitive","Tetsuko Umezawa, Pursuer",https://scryfall.com/search?q=%21%22Tetsuko+Umezawa%2C+Fugitive%22,https://scryfall.com/search?q=%21%22Tetsuko+Umezawa%2C+Pursuer%22
"Traxos, Scourge Eternal","Traxos, Academy Guardian",https://scryfall.com/search?q=%21%22Traxos%2C+Scourge+Eternal%22,https://scryfall.com/search?q=%21%22Traxos%2C+Academy+Guardian%22
Way of the Pyromancer,Way of the Cryomancer,https://scryfall.com/search?q=%21%22Way+of+the+Pyromancer%22,https://scryfall.com/search?q=%21%22Way+of+the+Cryomancer%22
Way of the Mind Sculptor,Way of the Paradox,https://scryfall.com/search?q=%21%22Way+of+the+Mind+Sculptor%22,https://scryfall.com/search?q=%21%22Way+of+the+Paradox%22
"Yargle, Glutton of Urborg","Yargle, Goliath of Otaria",https://scryfall.com/search?q=%21%22Yargle%2C+Glutton+of+Urborg%22,https://scryfall.com/search?q=%21%22Yargle%2C+Goliath+of+Otaria%22
"Yuriko, Hope from the Shadows","Yuriko, Blade of the Mighty",https://scryfall.com/search?q=%21%22Yuriko%2C+Hope+from+the+Shadows%22,https://scryfall.com/search?q=%21%22Yuriko%2C+Blade+of+the+Mighty%22
"Galia, the Merrymaker","Galia, Tragic Host",https://scryfall.com/search?q=%21%22Galia%2C+the+Merrymaker%22,https://scryfall.com/search?q=%21%22Galia%2C+Tragic+Host%22
"Loot, The Nexus","Loot, the Anomaly",https://scryfall.com/search?q=%21%22Loot%2C+The+Nexus%22,https://scryfall.com/search?q=%21%22Loot%2C+the+Anomaly%22
"Mabel, Valley Hero",Mabel Bitter Recluse,https://scryfall.com/search?q=%21%22Mabel%2C+Valley+Hero%22,https://scryfall.com/search?q=%21%22Mabel+Bitter+Recluse%22
"Tinybones, Pocket Nuisance","Titanbones, Towering Heart",https://scryfall.com/search?q=%21%22Tinybones%2C+Pocket+Nuisance%22,https://scryfall.com/search?q=%21%22Titanbones%2C+Towering+Heart%22
Way of the Wildspeaker,Way of the Deathbringer,https://scryfall.com/search?q=%21%22Way+of+the+Wildspeaker%22,https://scryfall.com/search?q=%21%22Way+of+the+Deathbringer%22
Winter Tormented Loner,"Winter, Team Player",https://scryfall.com/search?q=%21%22Winter+Tormented+Loner%22,https://scryfall.com/search?q=%21%22Winter%2C+Team+Player%22
"Jiang Yanggu, Never Alone","Jiangg Yanggu, Alone",https://scryfall.com/search?q=%21%22Jiang+Yanggu%2C+Never+Alone%22,https://scryfall.com/search?q=%21%22Jiangg+Yanggu%2C+Alone%22
Kiora of Salt and Sand,Kiora of Fire and Ashes,https://scryfall.com/search?q=%21%22Kiora+of+Salt+and+Sand%22,https://scryfall.com/search?q=%21%22Kiora+of+Fire+and+Ashes%22
"Marwyn, the preserver","Marwyn, the Clearcutter",https://scryfall.com/search?q=%21%22Marwyn%2C+the+preserver%22,https://scryfall.com/search?q=%21%22Marwyn%2C+the+Clearcutter%22
"Pia, Determined Rebuilder","Pia,Aether Ascetic",https://scryfall.com/search?q=%21%22Pia%2C+Determined+Rebuilder%22,https://scryfall.com/search?q=%21%22Pia%2CAether+Ascetic%22
"Edgar, Ancient Bloodlord","Edgar, Moonlit Sovereign",https://scryfall.com/search?q=%21%22Edgar%2C+Ancient+Bloodlord%22,https://scryfall.com/search?q=%21%22Edgar%2C+Moonlit+Sovereign%22